product_id,product_name,rating,review_text,date,platform
SKU-71530,PAX Wardrobe,2,Sags in the middle after light use. Uncomfortable to sit on for long.,2026-08-01,IKEA.com
SKU-55844,HEMNES Bathroom Vanity,5,Amazing quality for such a low price. Would recommend to anyone furnishing on a budget.,2026-07-27,IKEA.com
SKU-59766,SONGESAND Bed Frame,5,"Assembled in about 20 minutes, clear instructions and every part was labeled.",2026-07-31,Reddit
SKU-41638,GURLI Cushion Cover,5,Incredible value for the price — looks far more expensive than it is.,2026-07-13,Reddit
SKU-93325,STOCKSUND Loveseat,5,"Three years in and still going strong, no complaints whatsoever.",2026-07-26,IKEA.com
SKU-55022,TÄRNÖ Bistro Set,2,"Two dowels were missing from the box, couldn't finish assembly until IKEA shipped more.",2026-07-29,Reddit
SKU-22587,MORGEDAL Foam Mattress,5,"Three years in and still going strong, no complaints whatsoever.",2026-07-15,Reddit
SKU-43707,ALEX Drawer Unit,5,"Genuinely simple to put together, even solo.",2026-08-01,Reddit
SKU-33747,POÄNG Armchair,5,So comfortable I nearly fall asleep in it. Best chair we've owned.,2026-07-19,Reddit
SKU-91318,VARIERA Box,5,"Assembled in about 20 minutes, clear instructions and every part was labeled.",2026-07-11,Trustpilot
SKU-85402,BRIMNES Storage Bed,5,This bed has survived two moves and still looks new.,2026-07-10,Amazon
SKU-36462,FJÄLLBO Shelf,3,"Color looked lighter in person than online — still okay, but not what I expected.",2026-07-17,Amazon
SKU-71429,IDÅSEN Sit/Stand Desk,2,Wobbles side to side the moment you lean on it. Had to add brackets to the wall.,2026-07-20,IKEA.com
SKU-47718,HEMNES Bed Frame,2,"Cheap feeling materials, the veneer is already peeling on this bed.",2026-07-11,Google Reviews
SKU-73962,FLISAT Table,5,"Three years in and still going strong, no complaints whatsoever.",2026-07-07,IKEA.com
SKU-80638,KALLAX Shelf Unit,5,"Extremely comfortable, we sit on it every single evening.",2026-07-10,Google Reviews
SKU-86636,NORDEN Gateleg Table,2,The leg cracked within weeks. Disappointed in this dining.,2026-07-11,Amazon
SKU-03604,KLEPPSTAD Wardrobe,5,You genuinely cannot beat this wardrobe for the money. Bought two.,2026-07-28,Reddit
SKU-94770,HAUGESUND Mattress,5,So comfortable I nearly fall asleep in it. Best mattress we've owned.,2026-07-29,Trustpilot
SKU-02729,NYMÅNE Floor Lamp,5,"Assembled in about 20 minutes, clear instructions and every part was labeled.",2026-07-28,Amazon
SKU-53413,STOENSE Rug,5,This rug has survived two moves and still looks new.,2026-07-06,Reddit
SKU-34682,IVAR Shelf Unit,3,Spent an entire afternoon building this. Some cam locks wouldn't tighten properly.,2026-07-05,Amazon
SKU-68494,TOBIAS Chair,4,"Surprisingly sturdy and solid, no wobble at all even after months of daily use.",2026-07-26,Trustpilot
SKU-75769,EKTORP 3-Seat Sofa,1,"Two dowels were missing from the box, couldn't finish assembly until IKEA shipped more.",2026-07-24,IKEA.com
SKU-78085,MICKE Desk,5,"Genuinely simple to put together, even solo.",2026-07-15,Google Reviews
SKU-42347,ÅSVANG Mattress,2,"The instructions for this mattress were confusing, lots of unlabeled parts. Needed a second person.",2026-07-05,Reddit
SKU-02729,NYMÅNE Floor Lamp,5,"Assembled in about 20 minutes, clear instructions and every part was labeled.",2026-07-18,Amazon
SKU-93325,STOCKSUND Loveseat,4,This sofa feels rock-solid. Much more robust than I expected at this price.,2026-07-28,IKEA.com
SKU-28033,HEMNES Wardrobe,3,"Color looked lighter in person than online — still okay, but not what I expected.",2026-07-15,Trustpilot
SKU-55844,HEMNES Bathroom Vanity,5,Amazing quality for such a low price. Would recommend to anyone furnishing on a budget.,2026-08-02,IKEA.com
SKU-33747,POÄNG Armchair,3,"Slightly different shade than pictured, minor letdown.",2026-07-25,Google Reviews
SKU-87925,FADO Table Lamp,5,So comfortable I nearly fall asleep in it. Best lighting we've owned.,2026-07-19,Amazon
SKU-21020,KONCIS Roasting Pan,4,"Looks beautiful in our living room, exactly as pictured online.",2026-07-10,Google Reviews
SKU-79277,BILLY Bookcase,5,"Perfect firmness and support, no back pain anymore.",2026-08-02,Trustpilot
SKU-34255,LILLÅNGEN Sink Cabinet,5,"Genuinely simple to put together, even solo.",2026-07-24,IKEA.com
SKU-79277,BILLY Bookcase,5,So comfortable I nearly fall asleep in it. Best shelving we've owned.,2026-07-09,Trustpilot
SKU-55844,HEMNES Bathroom Vanity,5,Built to last — daily use and it hasn't shown any wear.,2026-07-26,Reddit
SKU-43707,ALEX Drawer Unit,2,Fell apart faster than I expected. You get what you pay for.,2026-07-08,Trustpilot
SKU-95472,MARKUS Office Chair,5,"Perfect firmness and support, no back pain anymore.",2026-08-02,IKEA.com
SKU-34682,IVAR Shelf Unit,5,"Perfect firmness and support, no back pain anymore.",2026-07-14,Google Reviews
SKU-18426,RÅSKOG Utility Cart,2,"Cheap feeling materials, the veneer is already peeling on this kitchen.",2026-07-31,Trustpilot
SKU-01002,HÖVÅG Mattress,1,Way too firm and the edges dig in. Regret buying this mattress.,2026-07-27,Amazon
SKU-68850,KLIPPAN Loveseat,5,"Perfect firmness and support, no back pain anymore.",2026-07-31,IKEA.com
SKU-62910,FOTO Pendant Lamp,1,"Cheap feeling materials, the veneer is already peeling on this lighting.",2026-07-05,Trustpilot
SKU-63213,FÄRGKLAR Bowl Set,2,Particleboard chipped at the edges within a month and the finish scratches if you look at it.,2026-07-08,Amazon
SKU-49679,IKEA 365+ Cookware Set,1,Fell apart faster than I expected. You get what you pay for.,2026-07-28,Trustpilot
SKU-42347,ÅSVANG Mattress,5,Amazing quality for such a low price. Would recommend to anyone furnishing on a budget.,2026-07-29,Reddit
SKU-58454,VARDAGEN Frying Pan,3,Assembly was a nightmare — took me over three hours and the pre-drilled holes didn't line up.,2026-07-16,Reddit
SKU-42347,ÅSVANG Mattress,5,Amazing quality for such a low price. Would recommend to anyone furnishing on a budget.,2026-07-10,Trustpilot
SKU-63213,FÄRGKLAR Bowl Set,1,A drawer rail snapped after just a month of normal use.,2026-08-02,Google Reviews
SKU-25837,JÄRVFJÄLLET Office Chair,4,"Elegant and clean-looking, guests always compliment it.",2026-07-23,Google Reviews
SKU-77577,APPLARÖ Table,5,"Assembled in about 20 minutes, clear instructions and every part was labeled.",2026-07-04,Google Reviews
SKU-91318,VARIERA Box,3,Spent an entire afternoon building this. Some cam locks wouldn't tighten properly.,2026-07-29,Reddit
SKU-30124,LINNMON Table Top,5,So comfortable I nearly fall asleep in it. Best desk we've owned.,2026-07-09,Trustpilot
SKU-68850,KLIPPAN Loveseat,1,Particleboard chipped at the edges within a month and the finish scratches if you look at it.,2026-07-29,Amazon
SKU-22587,MORGEDAL Foam Mattress,5,Built to last — daily use and it hasn't shown any wear.,2026-07-17,Reddit
SKU-55022,TÄRNÖ Bistro Set,5,"Perfect firmness and support, no back pain anymore.",2026-08-01,Trustpilot
SKU-43707,ALEX Drawer Unit,4,"Elegant and clean-looking, guests always compliment it.",2026-07-19,Reddit
SKU-20422,SÖDERHAMN Sectional,2,Wobbles side to side the moment you lean on it. Had to add brackets to the wall.,2026-07-23,Reddit
SKU-99860,TROFAST Frame,3,"Slightly different shade than pictured, minor letdown.",2026-07-25,Amazon
SKU-10108,SUNDVIK Crib,5,Built to last — daily use and it hasn't shown any wear.,2026-07-03,Trustpilot
SKU-28648,GODMORGON Cabinet,2,Bag of hardware was incomplete — frustrating when you've set aside the whole day for it.,2026-07-05,Trustpilot
SKU-18426,RÅSKOG Utility Cart,4,This kitchen feels rock-solid. Much more robust than I expected at this price.,2026-07-19,Google Reviews
SKU-47718,HEMNES Bed Frame,3,Assembly was a nightmare — took me over three hours and the pre-drilled holes didn't line up.,2026-07-27,Google Reviews
SKU-22587,MORGEDAL Foam Mattress,1,The finish was chipped on delivery. Return process was a hassle.,2026-07-13,Google Reviews
SKU-78085,MICKE Desk,4,"Gorgeous, minimalist design. This desk ties the whole room together.",2026-07-26,IKEA.com
SKU-02729,NYMÅNE Floor Lamp,1,Bag of hardware was incomplete — frustrating when you've set aside the whole day for it.,2026-07-07,Trustpilot
SKU-51983,ALEX Desk,3,"The instructions for this desk were confusing, lots of unlabeled parts. Needed a second person.",2026-07-20,Trustpilot
SKU-51630,RANARP Work Lamp,5,"Looks beautiful in our living room, exactly as pictured online.",2026-07-23,Reddit
SKU-91318,VARIERA Box,5,So comfortable I nearly fall asleep in it. Best kitchen we've owned.,2026-07-23,Reddit
SKU-36628,LACK Wall Shelf,5,"Extremely comfortable, we sit on it every single evening.",2026-07-04,Trustpilot
SKU-01002,HÖVÅG Mattress,2,"The cushions flattened within a few weeks, not comfortable at all anymore.",2026-07-05,Trustpilot
SKU-80638,KALLAX Shelf Unit,3,Not very stable — this shelving shakes whenever you touch it.,2026-07-07,Google Reviews
SKU-53413,STOENSE Rug,5,Really well built — my kids climb on it and it hasn't budged.,2026-07-23,IKEA.com
SKU-34682,IVAR Shelf Unit,5,You genuinely cannot beat this shelving for the money. Bought two.,2026-07-05,IKEA.com
SKU-80638,KALLAX Shelf Unit,1,Way too firm and the edges dig in. Regret buying this shelving.,2026-07-31,Reddit
SKU-69656,ADDE Chair,5,You genuinely cannot beat this chair for the money. Bought two.,2026-08-02,Google Reviews
SKU-72438,FALSTER Chair,5,"Genuinely simple to put together, even solo.",2026-07-29,IKEA.com
SKU-34255,LILLÅNGEN Sink Cabinet,2,Assembly was a nightmare — took me over three hours and the pre-drilled holes didn't line up.,2026-07-25,IKEA.com
SKU-68643,HELMER Drawer Unit,5,Really well built — my kids climb on it and it hasn't budged.,2026-07-24,Reddit
SKU-33747,POÄNG Armchair,4,"Gorgeous, minimalist design. This chair ties the whole room together.",2026-07-22,IKEA.com
SKU-92687,LÅNGFJÄLL Office Chair,5,Amazing quality for such a low price. Would recommend to anyone furnishing on a budget.,2026-07-17,Reddit
SKU-43707,ALEX Drawer Unit,5,So comfortable I nearly fall asleep in it. Best office storage we've owned.,2026-07-30,Amazon
SKU-73962,FLISAT Table,5,Built to last — daily use and it hasn't shown any wear.,2026-07-24,Trustpilot
SKU-68494,TOBIAS Chair,4,"Gorgeous, minimalist design. This chair ties the whole room together.",2026-07-22,IKEA.com
SKU-42347,ÅSVANG Mattress,5,You genuinely cannot beat this mattress for the money. Bought two.,2026-07-28,IKEA.com
SKU-85402,BRIMNES Storage Bed,3,Spent an entire afternoon building this. Some cam locks wouldn't tighten properly.,2026-07-12,Google Reviews
SKU-72151,STEFAN Chair,2,"The instructions for this chair were confusing, lots of unlabeled parts. Needed a second person.",2026-07-28,Trustpilot
SKU-80638,KALLAX Shelf Unit,5,So comfortable I nearly fall asleep in it. Best shelving we've owned.,2026-07-03,Google Reviews
SKU-72438,FALSTER Chair,4,"Gorgeous, minimalist design. This outdoor ties the whole room together.",2026-07-27,Google Reviews
SKU-68643,HELMER Drawer Unit,5,Incredible value for the price — looks far more expensive than it is.,2026-07-18,Google Reviews
SKU-99860,TROFAST Frame,3,"Slightly different shade than pictured, minor letdown.",2026-07-09,IKEA.com
SKU-59766,SONGESAND Bed Frame,4,"Looks beautiful in our living room, exactly as pictured online.",2026-07-21,Reddit
SKU-56526,KIVIK Corner Sofa,5,Easiest flat-pack I've built — everything lined up on the first try.,2026-07-13,Trustpilot
SKU-85402,BRIMNES Storage Bed,5,Built to last — daily use and it hasn't shown any wear.,2026-07-05,Reddit
SKU-62910,FOTO Pendant Lamp,2,Particleboard chipped at the edges within a month and the finish scratches if you look at it.,2026-07-24,Reddit
SKU-78085,MICKE Desk,5,Amazing quality for such a low price. Would recommend to anyone furnishing on a budget.,2026-07-11,Reddit
SKU-30899,BEKANT Desk,2,Not very stable — this desk shakes whenever you touch it.,2026-07-15,Trustpilot
SKU-85402,BRIMNES Storage Bed,5,Amazing quality for such a low price. Would recommend to anyone furnishing on a budget.,2026-07-22,IKEA.com
SKU-64592,TERTIAL Work Lamp,2,Shipping took forever and tracking never updated.,2026-08-02,Reddit
SKU-72151,STEFAN Chair,5,So comfortable I nearly fall asleep in it. Best chair we've owned.,2026-07-08,IKEA.com
SKU-99860,TROFAST Frame,1,The finish was chipped on delivery. Return process was a hassle.,2026-07-17,IKEA.com
SKU-58454,VARDAGEN Frying Pan,4,"Gorgeous, minimalist design. This kitchenware ties the whole room together.",2026-07-26,Trustpilot
SKU-68494,TOBIAS Chair,3,Wobbles side to side the moment you lean on it. Had to add brackets to the wall.,2026-07-06,Amazon
SKU-47718,HEMNES Bed Frame,5,"Extremely comfortable, we sit on it every single evening.",2026-07-14,Trustpilot
SKU-47718,HEMNES Bed Frame,5,This bed has survived two moves and still looks new.,2026-07-13,Google Reviews
SKU-37688,EKEDALEN Dining Table,5,"Surprisingly sturdy and solid, no wobble at all even after months of daily use.",2026-07-18,Google Reviews
SKU-20003,TARVA Bed Frame,3,"The instructions for this bed were confusing, lots of unlabeled parts. Needed a second person.",2026-07-11,Reddit
SKU-36462,FJÄLLBO Shelf,5,"Extremely comfortable, we sit on it every single evening.",2026-07-05,Reddit
SKU-95472,MARKUS Office Chair,4,"Gorgeous, minimalist design. This chair ties the whole room together.",2026-08-02,Google Reviews
SKU-91318,VARIERA Box,5,You genuinely cannot beat this kitchen for the money. Bought two.,2026-07-21,Trustpilot
SKU-33747,POÄNG Armchair,5,Incredible value for the price — looks far more expensive than it is.,2026-07-10,Reddit
SKU-79277,BILLY Bookcase,1,Sags in the middle after light use. Uncomfortable to sit on for long.,2026-07-07,Reddit
SKU-34682,IVAR Shelf Unit,2,Package arrived missing several screws and a cam lock. Had to wait a week for replacements.,2026-07-18,Amazon
SKU-02729,NYMÅNE Floor Lamp,5,You genuinely cannot beat this lighting for the money. Bought two.,2026-07-12,Amazon
SKU-53413,STOENSE Rug,4,"Gorgeous, minimalist design. This rug ties the whole room together.",2026-07-22,Amazon
SKU-47003,TROFAST Storage,5,Incredible value for the price — looks far more expensive than it is.,2026-07-23,Google Reviews
SKU-02729,NYMÅNE Floor Lamp,5,Amazing quality for such a low price. Would recommend to anyone furnishing on a budget.,2026-08-02,Google Reviews
SKU-92687,LÅNGFJÄLL Office Chair,5,Easiest flat-pack I've built — everything lined up on the first try.,2026-07-06,Reddit
SKU-47718,HEMNES Bed Frame,5,Easiest flat-pack I've built — everything lined up on the first try.,2026-07-06,IKEA.com
SKU-34682,IVAR Shelf Unit,5,Amazing quality for such a low price. Would recommend to anyone furnishing on a budget.,2026-07-04,Trustpilot
SKU-72151,STEFAN Chair,2,Sags in the middle after light use. Uncomfortable to sit on for long.,2026-07-23,Trustpilot
SKU-05857,HEKTAR Pendant Lamp,2,Particleboard chipped at the edges within a month and the finish scratches if you look at it.,2026-07-08,Amazon
SKU-72438,FALSTER Chair,5,"Three years in and still going strong, no complaints whatsoever.",2026-07-04,Amazon
SKU-18426,RÅSKOG Utility Cart,3,"Slightly different shade than pictured, minor letdown.",2026-07-06,Google Reviews
SKU-17698,KURA Reversible Bed,5,Incredible value for the price — looks far more expensive than it is.,2026-07-18,Amazon
SKU-28033,HEMNES Wardrobe,5,"Elegant and clean-looking, guests always compliment it.",2026-07-10,Google Reviews
SKU-53413,STOENSE Rug,3,The finish is a bit different from the photos. This rug is fine otherwise.,2026-07-16,Amazon
SKU-22587,MORGEDAL Foam Mattress,4,"Surprisingly sturdy and solid, no wobble at all even after months of daily use.",2026-07-27,Reddit
SKU-73962,FLISAT Table,5,This kids has survived two moves and still looks new.,2026-07-09,Amazon
SKU-41638,GURLI Cushion Cover,4,"Surprisingly sturdy and solid, no wobble at all even after months of daily use.",2026-07-31,Trustpilot
SKU-28033,HEMNES Wardrobe,5,"Three years in and still going strong, no complaints whatsoever.",2026-07-22,Google Reviews
SKU-37688,EKEDALEN Dining Table,4,Really well built — my kids climb on it and it hasn't budged.,2026-07-06,Amazon
SKU-62910,FOTO Pendant Lamp,5,Easiest flat-pack I've built — everything lined up on the first try.,2026-07-25,Google Reviews
SKU-93325,STOCKSUND Loveseat,5,"Extremely comfortable, we sit on it every single evening.",2026-07-12,Reddit
SKU-34255,LILLÅNGEN Sink Cabinet,3,"Color looked lighter in person than online — still okay, but not what I expected.",2026-07-25,Trustpilot
SKU-62910,FOTO Pendant Lamp,5,Easiest flat-pack I've built — everything lined up on the first try.,2026-07-03,Google Reviews
SKU-17750,FRIHETEN Sleeper Sofa,5,Amazing quality for such a low price. Would recommend to anyone furnishing on a budget.,2026-07-09,Amazon
SKU-64206,LISABO Table,5,So comfortable I nearly fall asleep in it. Best dining we've owned.,2026-07-04,Reddit
SKU-49679,IKEA 365+ Cookware Set,4,"Looks beautiful in our living room, exactly as pictured online.",2026-07-29,Trustpilot
SKU-28648,GODMORGON Cabinet,1,Broke almost immediately — the joints couldn't handle everyday use.,2026-07-11,Amazon
SKU-85402,BRIMNES Storage Bed,5,"Three years in and still going strong, no complaints whatsoever.",2026-07-08,Trustpilot
SKU-68494,TOBIAS Chair,5,Built to last — daily use and it hasn't shown any wear.,2026-07-11,Google Reviews
SKU-42347,ÅSVANG Mattress,3,"Slightly different shade than pictured, minor letdown.",2026-07-09,IKEA.com
SKU-20003,TARVA Bed Frame,5,You genuinely cannot beat this bed for the money. Bought two.,2026-07-25,Trustpilot
SKU-68850,KLIPPAN Loveseat,5,You genuinely cannot beat this sofa for the money. Bought two.,2026-07-25,Google Reviews
SKU-72151,STEFAN Chair,5,"Perfect firmness and support, no back pain anymore.",2026-07-26,IKEA.com
SKU-50751,VINDUM Rug,3,Assembly was a nightmare — took me over three hours and the pre-drilled holes didn't line up.,2026-08-02,Trustpilot
SKU-73962,FLISAT Table,2,Package arrived missing several screws and a cam lock. Had to wait a week for replacements.,2026-07-25,Trustpilot
SKU-41638,GURLI Cushion Cover,1,One of the panels was cracked right out of the box. Packaging was too thin for a textile this size.,2026-08-01,Google Reviews
SKU-71940,LOHALS Rug,5,"Assembled in about 20 minutes, clear instructions and every part was labeled.",2026-08-02,Google Reviews
SKU-99860,TROFAST Frame,5,Incredible value for the price — looks far more expensive than it is.,2026-07-24,Trustpilot
SKU-68494,TOBIAS Chair,5,So comfortable I nearly fall asleep in it. Best chair we've owned.,2026-07-30,Reddit
SKU-73962,FLISAT Table,3,The finish is a bit different from the photos. This kids is fine otherwise.,2026-07-20,IKEA.com
SKU-78085,MICKE Desk,1,"Arrived with a deep scratch and a dented corner, clearly damaged in transit.",2026-08-02,Reddit
SKU-78085,MICKE Desk,5,"Assembled in about 20 minutes, clear instructions and every part was labeled.",2026-07-21,Amazon
SKU-47003,TROFAST Storage,2,"Feels flimsy and wobbles, the screws keep loosening no matter how often I tighten them.",2026-07-23,Trustpilot
SKU-68643,HELMER Drawer Unit,3,"Color looked lighter in person than online — still okay, but not what I expected.",2026-07-24,Amazon
SKU-05857,HEKTAR Pendant Lamp,2,A drawer rail snapped after just a month of normal use.,2026-07-30,IKEA.com
SKU-85402,BRIMNES Storage Bed,5,"Gorgeous, minimalist design. This bed ties the whole room together.",2026-07-03,IKEA.com
SKU-55022,TÄRNÖ Bistro Set,1,Way too firm and the edges dig in. Regret buying this outdoor.,2026-07-22,Google Reviews
SKU-63213,FÄRGKLAR Bowl Set,5,Incredible value for the price — looks far more expensive than it is.,2026-07-22,Reddit
SKU-18426,RÅSKOG Utility Cart,5,Really well built — my kids climb on it and it hasn't budged.,2026-07-05,Amazon
SKU-20422,SÖDERHAMN Sectional,3,"Slightly different shade than pictured, minor letdown.",2026-07-09,Amazon
SKU-56526,KIVIK Corner Sofa,5,"Assembled in about 20 minutes, clear instructions and every part was labeled.",2026-07-08,IKEA.com
SKU-92687,LÅNGFJÄLL Office Chair,4,Really well built — my kids climb on it and it hasn't budged.,2026-07-23,Google Reviews
SKU-80638,KALLAX Shelf Unit,4,"Gorgeous, minimalist design. This shelving ties the whole room together.",2026-07-10,Google Reviews
SKU-34682,IVAR Shelf Unit,4,"Looks beautiful in our living room, exactly as pictured online.",2026-07-07,Trustpilot
SKU-01002,HÖVÅG Mattress,2,Way too firm and the edges dig in. Regret buying this mattress.,2026-07-08,Google Reviews
SKU-63213,FÄRGKLAR Bowl Set,2,"Ordered a month ago, arrived way past the promised date. The kitchenware itself is fine though.",2026-07-28,IKEA.com
SKU-27302,EKET Cabinet,2,Shipping took forever and tracking never updated.,2026-07-26,Google Reviews
SKU-47003,TROFAST Storage,5,"Perfect firmness and support, no back pain anymore.",2026-07-27,Amazon
SKU-51983,ALEX Desk,4,"Elegant and clean-looking, guests always compliment it.",2026-08-01,Amazon
SKU-72438,FALSTER Chair,5,This outdoor has survived two moves and still looks new.,2026-07-05,IKEA.com
SKU-47718,HEMNES Bed Frame,4,"Looks beautiful in our living room, exactly as pictured online.",2026-07-30,Amazon
SKU-73962,FLISAT Table,2,A drawer rail snapped after just a month of normal use.,2026-07-26,Trustpilot
SKU-71940,LOHALS Rug,5,"Perfect firmness and support, no back pain anymore.",2026-07-16,IKEA.com
SKU-36628,LACK Wall Shelf,5,"Gorgeous, minimalist design. This shelving ties the whole room together.",2026-07-25,Google Reviews
SKU-95472,MARKUS Office Chair,5,"Extremely comfortable, we sit on it every single evening.",2026-07-26,Trustpilot
SKU-36462,FJÄLLBO Shelf,1,"Two dowels were missing from the box, couldn't finish assembly until IKEA shipped more.",2026-07-31,Amazon
SKU-92687,LÅNGFJÄLL Office Chair,1,Broke almost immediately — the joints couldn't handle everyday use.,2026-07-08,IKEA.com
SKU-49679,IKEA 365+ Cookware Set,5,Incredible value for the price — looks far more expensive than it is.,2026-07-07,Amazon
SKU-05857,HEKTAR Pendant Lamp,5,Incredible value for the price — looks far more expensive than it is.,2026-07-30,IKEA.com
SKU-43707,ALEX Drawer Unit,3,"Color looked lighter in person than online — still okay, but not what I expected.",2026-07-22,Reddit
SKU-36847,TROTTEN Desk,5,"Perfect firmness and support, no back pain anymore.",2026-07-03,IKEA.com
SKU-01002,HÖVÅG Mattress,3,Assembly was a nightmare — took me over three hours and the pre-drilled holes didn't line up.,2026-08-01,Google Reviews
SKU-28033,HEMNES Wardrobe,4,This wardrobe feels rock-solid. Much more robust than I expected at this price.,2026-08-01,Reddit
SKU-33747,POÄNG Armchair,3,"Ordered a month ago, arrived way past the promised date. The chair itself is fine though.",2026-07-12,Google Reviews
SKU-68643,HELMER Drawer Unit,3,"Color looked lighter in person than online — still okay, but not what I expected.",2026-08-01,Amazon
SKU-72438,FALSTER Chair,5,"Extremely comfortable, we sit on it every single evening.",2026-07-08,Amazon
SKU-72438,FALSTER Chair,4,Really well built — my kids climb on it and it hasn't budged.,2026-07-28,Amazon
SKU-80638,KALLAX Shelf Unit,5,"Genuinely simple to put together, even solo.",2026-07-24,Amazon
SKU-63076,LANDSKRONA Armchair,5,"Gorgeous, minimalist design. This sofa ties the whole room together.",2026-07-20,IKEA.com
SKU-87925,FADO Table Lamp,3,"Slightly different shade than pictured, minor letdown.",2026-07-21,Trustpilot
SKU-68850,KLIPPAN Loveseat,5,Easiest flat-pack I've built — everything lined up on the first try.,2026-07-30,IKEA.com
SKU-53413,STOENSE Rug,5,This rug has survived two moves and still looks new.,2026-07-09,Trustpilot
SKU-42347,ÅSVANG Mattress,5,Amazing quality for such a low price. Would recommend to anyone furnishing on a budget.,2026-07-08,Amazon
SKU-59766,SONGESAND Bed Frame,5,Built to last — daily use and it hasn't shown any wear.,2026-07-17,Trustpilot
SKU-78085,MICKE Desk,5,"Genuinely simple to put together, even solo.",2026-07-28,IKEA.com
SKU-01002,HÖVÅG Mattress,1,Way too firm and the edges dig in. Regret buying this mattress.,2026-07-29,IKEA.com
SKU-21020,KONCIS Roasting Pan,5,"Looks beautiful in our living room, exactly as pictured online.",2026-07-05,Reddit
SKU-51983,ALEX Desk,3,"Slightly different shade than pictured, minor letdown.",2026-07-21,Reddit
SKU-95472,MARKUS Office Chair,2,Shipping took forever and tracking never updated.,2026-07-27,IKEA.com
SKU-53413,STOENSE Rug,1,Way too firm and the edges dig in. Regret buying this rug.,2026-07-22,IKEA.com
SKU-30124,LINNMON Table Top,4,"Looks beautiful in our living room, exactly as pictured online.",2026-07-05,Reddit
SKU-85122,VIMLE 3-Seat Sofa,3,Assembly was a nightmare — took me over three hours and the pre-drilled holes didn't line up.,2026-07-21,Reddit
SKU-91318,VARIERA Box,5,Built to last — daily use and it hasn't shown any wear.,2026-07-20,Google Reviews
SKU-60382,INGATORP Table,5,"Elegant and clean-looking, guests always compliment it.",2026-07-22,Amazon
SKU-99860,TROFAST Frame,5,"Extremely comfortable, we sit on it every single evening.",2026-07-14,Amazon
SKU-49679,IKEA 365+ Cookware Set,2,Particleboard chipped at the edges within a month and the finish scratches if you look at it.,2026-07-08,Amazon
SKU-53413,STOENSE Rug,5,You genuinely cannot beat this rug for the money. Bought two.,2026-07-20,Google Reviews
SKU-59766,SONGESAND Bed Frame,1,Particleboard chipped at the edges within a month and the finish scratches if you look at it.,2026-07-13,Trustpilot
SKU-85402,BRIMNES Storage Bed,2,The finish was chipped on delivery. Return process was a hassle.,2026-07-17,IKEA.com
SKU-63076,LANDSKRONA Armchair,3,Not very stable — this sofa shakes whenever you touch it.,2026-07-03,Trustpilot
SKU-20422,SÖDERHAMN Sectional,2,Delivery was two weeks late and customer service was unhelpful the whole time.,2026-07-29,Amazon
SKU-36462,FJÄLLBO Shelf,1,Sags in the middle after light use. Uncomfortable to sit on for long.,2026-07-08,Trustpilot
SKU-34497,MALM Bed Frame,3,"Color looked lighter in person than online — still okay, but not what I expected.",2026-07-23,Reddit
SKU-34682,IVAR Shelf Unit,2,"Arrived with a deep scratch and a dented corner, clearly damaged in transit.",2026-07-25,Reddit
SKU-21020,KONCIS Roasting Pan,5,Really well built — my kids climb on it and it hasn't budged.,2026-07-17,Trustpilot
SKU-47003,TROFAST Storage,5,"Assembled in about 20 minutes, clear instructions and every part was labeled.",2026-07-21,Trustpilot
SKU-34682,IVAR Shelf Unit,3,Assembly was a nightmare — took me over three hours and the pre-drilled holes didn't line up.,2026-07-08,Google Reviews
SKU-94770,HAUGESUND Mattress,1,Fell apart faster than I expected. You get what you pay for.,2026-07-06,Google Reviews
SKU-18426,RÅSKOG Utility Cart,5,This kitchen has survived two moves and still looks new.,2026-07-16,Amazon
SKU-05857,HEKTAR Pendant Lamp,5,"Elegant and clean-looking, guests always compliment it.",2026-07-29,Google Reviews
SKU-77910,BRIMNES Wardrobe,2,Particleboard chipped at the edges within a month and the finish scratches if you look at it.,2026-07-28,Reddit
SKU-63076,LANDSKRONA Armchair,5,"Gorgeous, minimalist design. This sofa ties the whole room together.",2026-07-13,Reddit
SKU-47003,TROFAST Storage,2,"Feels flimsy and wobbles, the screws keep loosening no matter how often I tighten them.",2026-07-29,Google Reviews
SKU-63213,FÄRGKLAR Bowl Set,5,"Assembled in about 20 minutes, clear instructions and every part was labeled.",2026-07-29,Amazon
SKU-68494,TOBIAS Chair,3,"Color looked lighter in person than online — still okay, but not what I expected.",2026-08-01,IKEA.com
SKU-37688,EKEDALEN Dining Table,5,"Genuinely simple to put together, even solo.",2026-07-22,Reddit
SKU-69656,ADDE Chair,5,"Genuinely simple to put together, even solo.",2026-07-29,Trustpilot
SKU-87925,FADO Table Lamp,3,"Color looked lighter in person than online — still okay, but not what I expected.",2026-07-29,IKEA.com
SKU-72151,STEFAN Chair,3,Assembly was a nightmare — took me over three hours and the pre-drilled holes didn't line up.,2026-07-31,Trustpilot
SKU-80638,KALLAX Shelf Unit,5,"Assembled in about 20 minutes, clear instructions and every part was labeled.",2026-08-01,Reddit
SKU-03604,KLEPPSTAD Wardrobe,5,Built to last — daily use and it hasn't shown any wear.,2026-07-04,Reddit
SKU-73962,FLISAT Table,4,"Looks beautiful in our living room, exactly as pictured online.",2026-08-01,Reddit
SKU-20422,SÖDERHAMN Sectional,5,"Assembled in about 20 minutes, clear instructions and every part was labeled.",2026-08-01,IKEA.com
SKU-75769,EKTORP 3-Seat Sofa,3,"Color looked lighter in person than online — still okay, but not what I expected.",2026-07-20,Trustpilot
SKU-28648,GODMORGON Cabinet,3,"Slightly different shade than pictured, minor letdown.",2026-07-28,Reddit
SKU-22077,BESTÅ Storage Combo,5,Amazing quality for such a low price. Would recommend to anyone furnishing on a budget.,2026-07-08,Amazon
SKU-55844,HEMNES Bathroom Vanity,5,Amazing quality for such a low price. Would recommend to anyone furnishing on a budget.,2026-07-04,Amazon
SKU-85402,BRIMNES Storage Bed,3,"Feels flimsy and wobbles, the screws keep loosening no matter how often I tighten them.",2026-07-26,IKEA.com
SKU-79277,BILLY Bookcase,4,"Looks beautiful in our living room, exactly as pictured online.",2026-07-23,Google Reviews
SKU-63076,LANDSKRONA Armchair,5,"Elegant and clean-looking, guests always compliment it.",2026-07-08,Reddit
SKU-79277,BILLY Bookcase,4,"Looks beautiful in our living room, exactly as pictured online.",2026-07-05,Reddit
SKU-75769,EKTORP 3-Seat Sofa,1,Bag of hardware was incomplete — frustrating when you've set aside the whole day for it.,2026-07-27,Trustpilot
SKU-71530,PAX Wardrobe,5,This wardrobe feels rock-solid. Much more robust than I expected at this price.,2026-07-14,Trustpilot
SKU-64592,TERTIAL Work Lamp,2,One of the panels was cracked right out of the box. Packaging was too thin for a lighting this size.,2026-07-07,Reddit
SKU-68850,KLIPPAN Loveseat,2,Bag of hardware was incomplete — frustrating when you've set aside the whole day for it.,2026-07-26,Reddit
SKU-22077,BESTÅ Storage Combo,2,Fell apart faster than I expected. You get what you pay for.,2026-07-15,IKEA.com
SKU-37688,EKEDALEN Dining Table,1,"Arrived with a deep scratch and a dented corner, clearly damaged in transit.",2026-08-02,IKEA.com
SKU-01002,HÖVÅG Mattress,4,Really well built — my kids climb on it and it hasn't budged.,2026-08-02,IKEA.com
SKU-56526,KIVIK Corner Sofa,4,Really well built — my kids climb on it and it hasn't budged.,2026-07-31,IKEA.com
SKU-34497,MALM Bed Frame,2,Not very stable — this bed shakes whenever you touch it.,2026-07-05,IKEA.com
SKU-62910,FOTO Pendant Lamp,5,Incredible value for the price — looks far more expensive than it is.,2026-07-30,IKEA.com
SKU-85122,VIMLE 3-Seat Sofa,1,Sags in the middle after light use. Uncomfortable to sit on for long.,2026-07-13,Google Reviews
SKU-21020,KONCIS Roasting Pan,5,Amazing quality for such a low price. Would recommend to anyone furnishing on a budget.,2026-07-27,Google Reviews
SKU-47003,TROFAST Storage,5,"Looks beautiful in our living room, exactly as pictured online.",2026-07-22,Google Reviews
SKU-36462,FJÄLLBO Shelf,5,You genuinely cannot beat this shelving for the money. Bought two.,2026-07-09,Reddit
SKU-99860,TROFAST Frame,5,"Perfect firmness and support, no back pain anymore.",2026-07-10,IKEA.com
SKU-50751,VINDUM Rug,5,You genuinely cannot beat this rug for the money. Bought two.,2026-07-18,IKEA.com
SKU-55844,HEMNES Bathroom Vanity,5,Built to last — daily use and it hasn't shown any wear.,2026-07-07,Google Reviews
SKU-71429,IDÅSEN Sit/Stand Desk,5,Easiest flat-pack I've built — everything lined up on the first try.,2026-07-09,IKEA.com
SKU-68850,KLIPPAN Loveseat,5,Easiest flat-pack I've built — everything lined up on the first try.,2026-07-11,Trustpilot
SKU-73962,FLISAT Table,5,Built to last — daily use and it hasn't shown any wear.,2026-07-03,Trustpilot
SKU-36462,FJÄLLBO Shelf,2,"Ordered a month ago, arrived way past the promised date. The shelving itself is fine though.",2026-07-28,IKEA.com
SKU-85402,BRIMNES Storage Bed,5,"Perfect firmness and support, no back pain anymore.",2026-07-23,Google Reviews
SKU-20003,TARVA Bed Frame,5,"Genuinely simple to put together, even solo.",2026-07-31,Amazon
SKU-20422,SÖDERHAMN Sectional,5,Easiest flat-pack I've built — everything lined up on the first try.,2026-07-20,Reddit
SKU-99860,TROFAST Frame,4,This kids feels rock-solid. Much more robust than I expected at this price.,2026-07-29,Reddit
SKU-85122,VIMLE 3-Seat Sofa,5,"Genuinely simple to put together, even solo.",2026-07-29,Amazon
SKU-72438,FALSTER Chair,2,Wobbles side to side the moment you lean on it. Had to add brackets to the wall.,2026-07-19,Google Reviews
SKU-60382,INGATORP Table,5,"Gorgeous, minimalist design. This dining ties the whole room together.",2026-07-13,Trustpilot
SKU-99860,TROFAST Frame,5,Really well built — my kids climb on it and it hasn't budged.,2026-07-07,Reddit
SKU-30124,LINNMON Table Top,2,Spent an entire afternoon building this. Some cam locks wouldn't tighten properly.,2026-07-23,Reddit
SKU-28648,GODMORGON Cabinet,5,Easiest flat-pack I've built — everything lined up on the first try.,2026-07-03,Trustpilot
SKU-79277,BILLY Bookcase,1,A drawer rail snapped after just a month of normal use.,2026-07-03,IKEA.com
SKU-95472,MARKUS Office Chair,5,Easiest flat-pack I've built — everything lined up on the first try.,2026-07-10,Google Reviews
SKU-63213,FÄRGKLAR Bowl Set,4,"Elegant and clean-looking, guests always compliment it.",2026-07-04,IKEA.com
SKU-34682,IVAR Shelf Unit,5,This shelving feels rock-solid. Much more robust than I expected at this price.,2026-08-01,IKEA.com
SKU-53413,STOENSE Rug,3,Shipping took forever and tracking never updated.,2026-07-26,Reddit
SKU-36628,LACK Wall Shelf,5,So comfortable I nearly fall asleep in it. Best shelving we've owned.,2026-07-14,Amazon
SKU-68850,KLIPPAN Loveseat,3,Not very stable — this sofa shakes whenever you touch it.,2026-07-15,Reddit
SKU-71940,LOHALS Rug,2,Shipping took forever and tracking never updated.,2026-07-28,IKEA.com
SKU-91318,VARIERA Box,5,"Genuinely simple to put together, even solo.",2026-07-11,IKEA.com
SKU-71940,LOHALS Rug,5,"Elegant and clean-looking, guests always compliment it.",2026-07-11,Trustpilot
SKU-92687,LÅNGFJÄLL Office Chair,3,"Ordered a month ago, arrived way past the promised date. The chair itself is fine though.",2026-08-02,Reddit
SKU-50751,VINDUM Rug,5,"Perfect firmness and support, no back pain anymore.",2026-07-23,IKEA.com
SKU-62910,FOTO Pendant Lamp,2,Delivery was two weeks late and customer service was unhelpful the whole time.,2026-07-25,Reddit
SKU-25837,JÄRVFJÄLLET Office Chair,4,Really well built — my kids climb on it and it hasn't budged.,2026-07-22,IKEA.com
SKU-86636,NORDEN Gateleg Table,5,"Perfect firmness and support, no back pain anymore.",2026-07-18,Reddit
SKU-17750,FRIHETEN Sleeper Sofa,3,"Slightly different shade than pictured, minor letdown.",2026-07-23,Amazon
SKU-91318,VARIERA Box,4,This kitchen feels rock-solid. Much more robust than I expected at this price.,2026-07-17,IKEA.com
SKU-51630,RANARP Work Lamp,3,The finish is a bit different from the photos. This lighting is fine otherwise.,2026-07-21,Amazon
SKU-93325,STOCKSUND Loveseat,5,You genuinely cannot beat this sofa for the money. Bought two.,2026-07-13,Google Reviews
SKU-60382,INGATORP Table,4,"Gorgeous, minimalist design. This dining ties the whole room together.",2026-07-10,Amazon
SKU-34255,LILLÅNGEN Sink Cabinet,2,The leg cracked within weeks. Disappointed in this bathroom.,2026-07-27,Trustpilot
SKU-42347,ÅSVANG Mattress,1,The finish was chipped on delivery. Return process was a hassle.,2026-07-27,Amazon
SKU-55022,TÄRNÖ Bistro Set,2,"The instructions for this outdoor were confusing, lots of unlabeled parts. Needed a second person.",2026-07-12,Amazon
SKU-49679,IKEA 365+ Cookware Set,2,Wobbles side to side the moment you lean on it. Had to add brackets to the wall.,2026-07-22,Trustpilot
